city,max_tmax,min_tmax,range_tmax,mean_tmax,sd_tmax
Atlanta,76.53,65.7,10.83,71.116,3.31414273515
Austin,64.02,59.33,4.69,61.151,1.44593687562
Boston,83.63,60.63,23.0,74.5056666667,5.70073115899
Denver,93.61,75.87,17.74,85.9103333333,3.82764669156
Los Angeles,74.49,73.68,0.81,74.1903333333,0.262671728173
San Francisco,58.49,58.11,0.38,58.2443333333,0.142070485987
Seattle,52.7,46.8,5.9,49.5433333333,1.80351636099
